{"data":{"years":[2011,2012,2013,2014],"X0.99":[1653769.38,746662,352242.32,190428.58],"X0.95":[1642602.9,746662,229383.949999999,91945.7999999998],"X0.5":[1516980,746662,20250,9822],"X0.25":[1447189.5,746662,5961,3282.75]},"labels":[0.99,0.95,0.5,0.25]}