{"data":{"years":[2011,2012,2013,2014],"X0.99":[1656561,746662,316768.499999998,172126.779999999],"X0.95":[1656561,746662,205242.3,83013.05],"X0.5":[1656561,746662,20029,9153.5],"X0.25":[1656561,746662,5856.5,3004.25]},"labels":[0.99,0.95,0.5,0.25]}