{"data":{"years":[2012,2013,2014],"X0.99":[746662,289607.269999999,123677.24],"X0.95":[746662,202660,70204.4000000001],"X0.5":[746662,18748.5,8914],"X0.25":[746662,5843.75,2782]},"labels":[0.99,0.95,0.5,0.25]}