{"data":{"years":[2011,2012,2013,2014],"X0.99":[1656561,746662,316169.249999999,170396.080000001],"X0.95":[1656561,746662,211767.5,83432.8],"X0.5":[1656561,746662,20067,9155],"X0.25":[1656561,746662,5866.5,3056]},"labels":[0.99,0.95,0.5,0.25]}