{"data":{"years":[2012,2013,2014],"X0.99":[746662,289607.269999999,123558.86],"X0.95":[746662,202660,70010.5999999999],"X0.5":[746662,18748.5,8913],"X0.25":[746662,5843.75,2761]},"labels":[0.99,0.95,0.5,0.25]}