{"data":{"years":[2005,2006,2007,2008,2009,2010,2011,2012,2013,2014],"X0.99":[4273.4,70168.6699999999,29810.9,11940.67,14503.5199999999,22917,51940.6,60662.5999999996,120101.210000002,12576.8],"X0.95":[4083,26904.9499999999,8670.25,4350.8,5843.95,5428.25,5230,6673.59999999997,7507.69999999999,2343],"X0.5":[2311,290,170,99,160,102,121,166,300.5,130],"X0.25":[20,44,33,22,24,20,18,31,64.75,24.75]},"labels":[0.99,0.95,0.5,0.25]}