{"data":{"years":[2005,2006,2007,2008,2009,2010,2011,2012,2013],"X0.99":[4273.4,70222.0699999999,29810.9,11417.2200000001,14503.5199999999,22917,51940.6,51603.7199999979,94357.52],"X0.95":[4083,26928.3499999999,8670.25,4308.6,5843.95,5428.25,5230,6554.29999999997,6761.6],"X0.5":[2311,290,170,99,160.5,102,121,165,289],"X0.25":[20,44,33,22,24,20,18,31,64]},"labels":[0.99,0.95,0.5,0.25]}