{"data":{"years":[2005,2006,2007,2008,2009,2010,2011,2012,2013,2014],"X0.99":[4273.4,70222.0699999999,29810.9,11940.67,14503.5199999999,22911.4,47709.7600000006,59528.5499999999,169446.599999999,67538],"X0.95":[4083,26928.3499999999,8670.25,4350.8,5843.95,5405.94999999999,4709.44999999994,6307.54999999999,8263.90000000002,9573],"X0.5":[2311,290,170,99,160,102,109.5,150,281,289],"X0.25":[20,44,33,22,23.75,20,17,27,55,44]},"labels":[0.99,0.95,0.5,0.25]}