{"data":{"years":[2011,2012,2013,2014],"X0.99":[1653769.38,1326631.72,378389.020000001,220544],"X0.95":[1642602.9,1303198.6,275116.999999999,118406],"X0.5":[1516980,1039576,21500,10027],"X0.25":[1447189.5,893119,6944.5,3229]},"labels":[0.99,0.95,0.5,0.25]}